{
  "$schema": "./node_modules/@biomejs/biome/configuration_schema.json",
  "organizeImports": {
    "enabled": true
  },
  "linter": {
    "ignore": ["node_modules", ".next", "packages/tsconfig"],
    "enabled": true,
    "rules": {
      "recommended": true,
      "a11y": {
        "noSvgWithoutTitle": "off"
      },
      "style": {
        "noNonNullAssertion": "off"
      },
      "correctness": {
        "useExhaustiveDependencies": "off"
      }
    }
  },
  "formatter": {
    "indentStyle": "space"
  }
}
